Date,Year,CPI,Montly Inflation,Rolling Annual,,,,,,
1/30/1913,1913,9.8,,,,,,,,
2/28/1913,1913,9.8,0,,,,,,,
3/31/1913,1913,9.8,0,,,,,,,
4/30/1913,1913,9.8,0,,,,,,,
5/31/1913,1913,9.7,-1.020408163,,,,,,,
6/30/1913,1913,9.8,1.030927835,,,,,,,
7/31/1913,1913,9.9,1.020408163,,,,,,,
8/31/1913,1913,9.9,0,,,,,,,
9/30/1913,1913,10,1.01010101,,,,,,,
10/31/1913,1913,10,0,,,,,,,
11/30/1913,1913,10.1,1,,,,,,,
12/31/1913,1913,10,-0.99009901,,,,,,,
1/30/1914,1914,10,0,2.040816327,,,,,,
2/28/1914,1914,9.9,-1,1.020408163,,,,,,
3/31/1914,1914,9.9,0,1.020408163,,,,,,
4/30/1914,1914,9.8,-1.01010101,0,,,,,,
5/31/1914,1914,9.9,1.020408163,2.06185567,,,,,,
6/30/1914,1914,9.9,0,1.020408163,,,,,,
7/31/1914,1914,10,1.01010101,1.01010101,,,,,,
8/31/1914,1914,10.2,2,3.03030303,,,,,,
9/30/1914,1914,10.2,0,2,,,,,,
10/31/1914,1914,10.1,-0.980392157,1,,,,,,
11/30/1914,1914,10.2,0.99009901,0.99009901,,,,,,
12/31/1914,1914,10.1,-0.980392157,1,,,,,,
1/31/1915,1915,10.1,0,1,,,,,,
2/28/1915,1915,10,-0.99009901,1.01010101,,,,,,
3/31/1915,1915,9.9,-1,0,,,,,,
4/30/1915,1915,10,1.01010101,2.040816327,,,,,,
5/31/1915,1915,10.1,1,2.02020202,,,,,,
6/30/1915,1915,10.1,0,2.02020202,,,,,,
7/31/1915,1915,10.1,0,1,,,,,,
8/31/1915,1915,10.1,0,-0.980392157,,,,,,
9/30/1915,1915,10.1,0,-0.980392157,,,,,,
10/31/1915,1915,10.2,0.99009901,0.99009901,,,,,,
11/30/1915,1915,10.3,0.980392157,0.980392157,,,,,,
12/31/1915,1915,10.3,0,1.98019802,,,,,,
1/31/1916,1916,10.4,0.970873786,2.97029703,,,,,,
2/29/1916,1916,10.4,0,4,,,,,,
3/31/1916,1916,10.5,0.961538462,6.060606061,,,,,,
4/30/1916,1916,10.6,0.952380952,6,,,,,,
5/31/1916,1916,10.7,0.943396226,5.940594059,,,,,,
6/30/1916,1916,10.8,0.934579439,6.930693069,,,,,,
7/31/1916,1916,10.8,0,6.930693069,,,,,,
8/31/1916,1916,10.9,0.925925926,7.920792079,,,,,,
9/30/1916,1916,11.1,1.834862385,9.900990099,,,,,,
10/31/1916,1916,11.3,1.801801802,10.78431373,,,,,,
11/30/1916,1916,11.5,1.769911504,11.65048544,,,,,,
12/31/1916,1916,11.6,0.869565217,12.62135922,,,,,,
1/31/1917,1917,11.7,0.862068966,12.5,,,,,,
2/28/1917,1917,12,2.564102564,15.38461538,,,,,,
3/31/1917,1917,12,0,14.28571429,,,,,,
4/30/1917,1917,12.6,5,18.86792453,,,,,,
5/31/1917,1917,12.8,1.587301587,19.62616822,,,,,,
6/30/1917,1917,13,1.5625,20.37037037,,,,,,
7/31/1917,1917,12.8,-1.538461538,18.51851852,,,,,,
8/31/1917,1917,13,1.5625,19.26605505,,,,,,
9/30/1917,1917,13.3,2.307692308,19.81981982,,,,,,
10/31/1917,1917,13.5,1.503759398,19.46902655,,,,,,
11/30/1917,1917,13.5,0,17.39130435,,,,,,
12/31/1917,1917,13.7,1.481481481,18.10344828,,,,,,
1/31/1918,1918,14,2.189781022,19.65811966,,,,,,
2/28/1918,1918,14.1,0.714285714,17.5,,,,,,
3/31/1918,1918,14,-0.709219858,16.66666667,,,,,,
4/30/1918,1918,14.2,1.428571429,12.6984127,,,,,,
5/31/1918,1918,14.5,2.112676056,13.28125,,,,,,
6/30/1918,1918,14.7,1.379310345,13.07692308,,,,,,
7/31/1918,1918,15.1,2.721088435,17.96875,,,,,,
8/31/1918,1918,15.4,1.986754967,18.46153846,,,,,,
9/30/1918,1918,15.7,1.948051948,18.04511278,,,,,,
10/31/1918,1918,16,1.910828025,18.51851852,,,,,,
11/30/1918,1918,16.3,1.875,20.74074074,,,,,,
12/31/1918,1918,16.5,1.226993865,20.4379562,,,,,,
1/31/1919,1919,16.5,0,17.85714286,,,,,,
2/28/1919,1919,16.2,-1.818181818,14.89361702,,,,,,
3/31/1919,1919,16.4,1.234567901,17.14285714,,,,,,
4/30/1919,1919,16.7,1.829268293,17.6056338,,,,,,
5/31/1919,1919,16.9,1.19760479,16.55172414,,,,,,
6/30/1919,1919,16.9,0,14.96598639,,,,,,
7/31/1919,1919,17.4,2.958579882,15.23178808,,,,,,
8/31/1919,1919,17.7,1.724137931,14.93506494,,,,,,
9/30/1919,1919,17.8,0.564971751,13.37579618,,,,,,
10/31/1919,1919,18.1,1.685393258,13.125,,,,,,
11/30/1919,1919,18.5,2.209944751,13.49693252,,,,,,
12/31/1919,1919,18.9,2.162162162,14.54545455,,,,,,
1/31/1920,1920,19.3,2.116402116,16.96969697,,,,,,
2/29/1920,1920,19.5,1.03626943,20.37037037,,,,,,
3/31/1920,1920,19.7,1.025641026,20.12195122,,,,,,
4/30/1920,1920,20.3,3.045685279,21.55688623,,,,,,
5/31/1920,1920,20.6,1.477832512,21.89349112,,,,,,
6/30/1920,1920,20.9,1.45631068,23.66863905,,,,,,
7/31/1920,1920,20.8,-0.4784689,19.54022989,,,,,,
8/31/1920,1920,20.3,-2.403846154,14.68926554,,,,,,
9/30/1920,1920,20,-1.477832512,12.35955056,,,,,,
10/31/1920,1920,19.9,-0.5,9.944751381,,,,,,
11/30/1920,1920,19.8,-0.502512563,7.027027027,,,,,,
12/31/1920,1920,19.4,-2.02020202,2.645502646,,,,,,
1/31/1921,1921,19,-2.06185567,-1.554404145,,,,,,
2/28/1921,1921,18.4,-3.157894737,-5.641025641,,,,,,
3/31/1921,1921,18.3,-0.543478261,-7.106598985,,,,,,
4/30/1921,1921,18.1,-1.092896175,-10.83743842,,,,,,
5/31/1921,1921,17.7,-2.209944751,-14.0776699,,,,,,
6/30/1921,1921,17.6,-0.564971751,-15.78947368,,,,,,
7/31/1921,1921,17.7,0.568181818,-14.90384615,,,,,,
8/31/1921,1921,17.7,0,-12.80788177,,,,,,
9/30/1921,1921,17.5,-1.129943503,-12.5,,,,,,
10/31/1921,1921,17.5,0,-12.06030151,,,,,,
11/30/1921,1921,17.4,-0.571428571,-12.12121212,,,,,,
12/31/1921,1921,17.3,-0.574712644,-10.82474227,,,,,,
1/31/1922,1922,16.9,-2.312138728,-11.05263158,,,,,,
2/28/1922,1922,16.9,0,-8.152173913,,,,,,
3/31/1922,1922,16.7,-1.183431953,-8.743169399,,,,,,
4/30/1922,1922,16.7,0,-7.73480663,,,,,,
5/31/1922,1922,16.7,0,-5.649717514,,,,,,
6/30/1922,1922,16.7,0,-5.113636364,,,,,,
7/31/1922,1922,16.8,0.598802395,-5.084745763,,,,,,
8/31/1922,1922,16.6,-1.19047619,-6.214689266,,,,,,
9/30/1922,1922,16.6,0,-5.142857143,,,,,,
10/31/1922,1922,16.7,0.602409639,-4.571428571,,,,,,
11/30/1922,1922,16.8,0.598802395,-3.448275862,,,,,,
12/31/1922,1922,16.9,0.595238095,-2.312138728,,,,,,
1/31/1923,1923,16.8,-0.591715976,-0.591715976,,,,,,
2/28/1923,1923,16.8,0,-0.591715976,,,,,,
3/31/1923,1923,16.8,0,0.598802395,,,,,,
4/30/1923,1923,16.9,0.595238095,1.19760479,,,,,,
5/31/1923,1923,16.9,0,1.19760479,,,,,,
6/30/1923,1923,17,0.591715976,1.796407186,,,,,,
7/31/1923,1923,17.2,1.176470588,2.380952381,,,,,,
8/31/1923,1923,17.1,-0.581395349,3.012048193,,,,,,
9/30/1923,1923,17.2,0.584795322,3.614457831,,,,,,
10/31/1923,1923,17.3,0.581395349,3.592814371,,,,,,
11/30/1923,1923,17.3,0,2.976190476,,,,,,
12/31/1923,1923,17.3,0,2.366863905,,,,,,
1/31/1924,1924,17.3,0,2.976190476,,,,,,
2/29/1924,1924,17.2,-0.578034682,2.380952381,,,,,,
3/31/1924,1924,17.1,-0.581395349,1.785714286,,,,,,
4/30/1924,1924,17,-0.584795322,0.591715976,,,,,,
5/31/1924,1924,17,0,0.591715976,,,,,,
6/30/1924,1924,17,0,0,,,,,,
7/31/1924,1924,17.1,0.588235294,-0.581395349,,,,,,
8/31/1924,1924,17,-0.584795322,-0.584795322,,,,,,
9/30/1924,1924,17.1,0.588235294,-0.581395349,,,,,,
10/31/1924,1924,17.2,0.584795322,-0.578034682,,,,,,
11/30/1924,1924,17.2,0,-0.578034682,,,,,,
12/31/1924,1924,17.3,0.581395349,0,,,,,,
1/31/1925,1925,17.3,0,0,,,,,,
2/28/1925,1925,17.2,-0.578034682,0,,,,,,
3/31/1925,1925,17.3,0.581395349,1.169590643,,,,,,
4/30/1925,1925,17.2,-0.578034682,1.176470588,,,,,,
5/31/1925,1925,17.3,0.581395349,1.764705882,,,,,,
6/30/1925,1925,17.5,1.156069364,2.941176471,,,,,,
7/31/1925,1925,17.7,1.142857143,3.50877193,,,,,,
8/31/1925,1925,17.7,0,4.117647059,,,,,,
9/30/1925,1925,17.7,0,3.50877193,,,,,,
10/31/1925,1925,17.7,0,2.906976744,,,,,,
11/30/1925,1925,18,1.694915254,4.651162791,,,,,,
12/31/1925,1925,17.9,-0.555555556,3.468208092,,,,,,
1/31/1926,1926,17.9,0,3.468208092,,,,,,
2/28/1926,1926,17.9,0,4.069767442,,,,,,
3/31/1926,1926,17.8,-0.558659218,2.89017341,,,,,,
4/30/1926,1926,17.9,0.561797753,4.069767442,,,,,,
5/31/1926,1926,17.8,-0.558659218,2.89017341,,,,,,
6/30/1926,1926,17.7,-0.561797753,1.142857143,,,,,,
7/31/1926,1926,17.5,-1.129943503,-1.129943503,,,,,,
8/31/1926,1926,17.4,-0.571428571,-1.694915254,,,,,,
9/30/1926,1926,17.5,0.574712644,-1.129943503,,,,,,
10/31/1926,1926,17.6,0.571428571,-0.564971751,,,,,,
11/30/1926,1926,17.7,0.568181818,-1.666666667,,,,,,
12/31/1926,1926,17.7,0,-1.117318436,,,,,,
1/31/1927,1927,17.5,-1.129943503,-2.234636872,,,,,,
2/28/1927,1927,17.4,-0.571428571,-2.793296089,,,,,,
3/31/1927,1927,17.3,-0.574712644,-2.808988764,,,,,,
4/30/1927,1927,17.3,0,-3.351955307,,,,,,
5/31/1927,1927,17.4,0.578034682,-2.247191011,,,,,,
6/30/1927,1927,17.6,1.149425287,-0.564971751,,,,,,
7/31/1927,1927,17.3,-1.704545455,-1.142857143,,,,,,
8/31/1927,1927,17.2,-0.578034682,-1.149425287,,,,,,
9/30/1927,1927,17.3,0.581395349,-1.142857143,,,,,,
10/31/1927,1927,17.4,0.578034682,-1.136363636,,,,,,
11/30/1927,1927,17.3,-0.574712644,-2.259887006,,,,,,
12/31/1927,1927,17.3,0,-2.259887006,,,,,,
1/31/1928,1928,17.3,0,-1.142857143,,,,,,
2/29/1928,1928,17.1,-1.156069364,-1.724137931,,,,,,
3/31/1928,1928,17.1,0,-1.156069364,,,,,,
4/30/1928,1928,17.1,0,-1.156069364,,,,,,
5/31/1928,1928,17.2,0.584795322,-1.149425287,,,,,,
6/30/1928,1928,17.1,-0.581395349,-2.840909091,,,,,,
7/31/1928,1928,17.1,0,-1.156069364,,,,,,
8/31/1928,1928,17.1,0,-0.581395349,,,,,,
9/30/1928,1928,17.3,1.169590643,0,,,,,,
10/31/1928,1928,17.2,-0.578034682,-1.149425287,,,,,,
11/30/1928,1928,17.2,0,-0.578034682,,,,,,
12/31/1928,1928,17.1,-0.581395349,-1.156069364,,,,,,
1/31/1929,1929,17.1,0,-1.156069364,,,,,,
2/28/1929,1929,17.1,0,0,,,,,,
3/31/1929,1929,17,-0.584795322,-0.584795322,,,,,,
4/30/1929,1929,16.9,-0.588235294,-1.169590643,,,,,,
5/31/1929,1929,17,0.591715976,-1.162790698,,,,,,
6/30/1929,1929,17.1,0.588235294,0,,,,,,
7/31/1929,1929,17.3,1.169590643,1.169590643,,,,,,
8/31/1929,1929,17.3,0,1.169590643,,,,,,
9/30/1929,1929,17.3,0,0,,,,,,
10/31/1929,1929,17.3,0,0.581395349,,,,,,
11/30/1929,1929,17.3,0,0.581395349,,,,,,
12/31/1929,1929,17.2,-0.578034682,0.584795322,,,,,,
1/31/1930,1930,17.1,-0.581395349,0,,,,,,
2/28/1930,1930,17,-0.584795322,-0.584795322,,,,,,
3/31/1930,1930,16.9,-0.588235294,-0.588235294,,,,,,
4/30/1930,1930,17,0.591715976,0.591715976,,,,,,
5/31/1930,1930,16.9,-0.588235294,-0.588235294,,,,,,
6/30/1930,1930,16.8,-0.591715976,-1.754385965,,,,,,
7/31/1930,1930,16.6,-1.19047619,-4.046242775,,,,,,
8/31/1930,1930,16.5,-0.602409639,-4.624277457,,,,,,
9/30/1930,1930,16.6,0.606060606,-4.046242775,,,,,,
10/31/1930,1930,16.5,-0.602409639,-4.624277457,,,,,,
11/30/1930,1930,16.4,-0.606060606,-5.202312139,,,,,,
12/31/1930,1930,16.1,-1.829268293,-6.395348837,,,,,,
1/31/1931,1931,15.9,-1.242236025,-7.01754386,,,,,,
2/28/1931,1931,15.7,-1.257861635,-7.647058824,,,,,,
3/31/1931,1931,15.6,-0.636942675,-7.692307692,,,,,,
4/30/1931,1931,15.5,-0.641025641,-8.823529412,,,,,,
5/31/1931,1931,15.3,-1.290322581,-9.467455621,,,,,,
6/30/1931,1931,15.1,-1.307189542,-10.11904762,,,,,,
7/31/1931,1931,15.1,0,-9.036144578,,,,,,
8/31/1931,1931,15.1,0,-8.484848485,,,,,,
9/30/1931,1931,15,-0.662251656,-9.638554217,,,,,,
10/31/1931,1931,14.9,-0.666666667,-9.696969697,,,,,,
11/30/1931,1931,14.7,-1.342281879,-10.36585366,,,,,,
12/31/1931,1931,14.6,-0.680272109,-9.316770186,,,,,,
1/31/1932,1932,14.3,-2.054794521,-10.06289308,,,,,,
2/29/1932,1932,14.1,-1.398601399,-10.1910828,,,,,,
3/31/1932,1932,14,-0.709219858,-10.25641026,,,,,,
4/30/1932,1932,13.9,-0.714285714,-10.32258065,,,,,,
5/31/1932,1932,13.7,-1.438848921,-10.45751634,,,,,,
6/30/1932,1932,13.6,-0.729927007,-9.933774834,,,,,,
7/31/1932,1932,13.6,0,-9.933774834,,,,,,
8/31/1932,1932,13.5,-0.735294118,-10.59602649,,,,,,
9/30/1932,1932,13.4,-0.740740741,-10.66666667,,,,,,
10/31/1932,1932,13.3,-0.746268657,-10.73825503,,,,,,
11/30/1932,1932,13.2,-0.751879699,-10.20408163,,,,,,
12/31/1932,1932,13.1,-0.757575758,-10.2739726,,,,,,
1/31/1933,1933,12.9,-1.526717557,-9.79020979,,,,,,
2/28/1933,1933,12.7,-1.550387597,-9.929078014,,,,,,
3/31/1933,1933,12.6,-0.787401575,-10,,,,,,
4/30/1933,1933,12.6,0,-9.352517986,,,,,,
5/31/1933,1933,12.6,0,-8.02919708,,,,,,
6/30/1933,1933,12.7,0.793650794,-6.617647059,,,,,200,
7/31/1933,1933,13.1,3.149606299,-3.676470588,,,,,200.5,
8/31/1933,1933,13.2,0.763358779,-2.222222222,,,,,201.00125,
9/30/1933,1933,13.2,0,-1.492537313,,,,,201.5037531,
10/31/1933,1933,13.2,0,-0.751879699,,,,,202.0075125,
11/30/1933,1933,13.2,0,0,,,,,202.5125313,
12/31/1933,1933,13.2,0,0.763358779,,,,,203.0188126,
1/31/1934,1934,13.2,0,2.325581395,,,,,203.5263596,
2/28/1934,1934,13.3,0.757575758,4.724409449,,,,,204.0351755,
3/31/1934,1934,13.3,0,5.555555556,,,,,204.5452635,
4/30/1934,1934,13.3,0,5.555555556,,,,,205.0566266,
5/31/1934,1934,13.3,0,5.555555556,,,,,205.5692682,0.027846341
6/30/1934,1934,13.4,0.751879699,5.511811024,,,,,,
7/31/1934,1934,13.4,0,2.290076336,,,,,,
8/31/1934,1934,13.4,0,1.515151515,,,,,,
9/30/1934,1934,13.6,1.492537313,3.03030303,,,,,,
10/31/1934,1934,13.5,-0.735294118,2.272727273,,,,,,
11/30/1934,1934,13.5,0,2.272727273,,,,,,
12/31/1934,1934,13.4,-0.740740741,1.515151515,,,,,,
1/31/1935,1935,13.6,1.492537313,3.03030303,,,,,,
2/28/1935,1935,13.7,0.735294118,3.007518797,,,,,,
3/31/1935,1935,13.7,0,3.007518797,,,,,,
4/30/1935,1935,13.8,0.729927007,3.759398496,,,,,,
5/31/1935,1935,13.8,0,3.759398496,,,,,,
6/30/1935,1935,13.7,-0.724637681,2.23880597,,,,,,
7/31/1935,1935,13.7,0,2.23880597,,,,,,
8/31/1935,1935,13.7,0,2.23880597,,,,,,
9/30/1935,1935,13.7,0,0.735294118,,,,,,
10/31/1935,1935,13.7,0,1.481481481,,,,,,
11/30/1935,1935,13.8,0.729927007,2.222222222,,,,,,
12/31/1935,1935,13.8,0,2.985074627,,,,,,
1/31/1936,1936,13.8,0,1.470588235,,,,,,
2/29/1936,1936,13.8,0,0.729927007,,,,,,
3/31/1936,1936,13.7,-0.724637681,0,,,,,,
4/30/1936,1936,13.7,0,-0.724637681,,,,,,
5/31/1936,1936,13.7,0,-0.724637681,,,,,,
6/30/1936,1936,13.8,0.729927007,0.729927007,,,,,,
7/31/1936,1936,13.9,0.724637681,1.459854015,,,,,,
8/31/1936,1936,14,0.71942446,2.189781022,,,,,,
9/30/1936,1936,14,0,2.189781022,,,,,,
10/31/1936,1936,14,0,2.189781022,,,,,,
11/30/1936,1936,14,0,1.449275362,,,,,,
12/31/1936,1936,14,0,1.449275362,,,,,,
1/31/1937,1937,14.1,0.714285714,2.173913043,,,,,,
2/28/1937,1937,14.1,0,2.173913043,,,,,,
3/31/1937,1937,14.2,0.709219858,3.649635036,,,,,,
4/30/1937,1937,14.3,0.704225352,4.379562044,,,,,,
5/31/1937,1937,14.4,0.699300699,5.109489051,,,,,,
6/30/1937,1937,14.4,0,4.347826087,,,,,,
7/31/1937,1937,14.5,0.694444444,4.316546763,,,,,,
8/31/1937,1937,14.5,0,3.571428571,,,,,,
9/30/1937,1937,14.6,0.689655172,4.285714286,,,,,,
10/31/1937,1937,14.6,0,4.285714286,,,,,,
11/30/1937,1937,14.5,-0.684931507,3.571428571,,,,,,
12/31/1937,1937,14.4,-0.689655172,2.857142857,,,,,,
1/31/1938,1938,14.2,-1.388888889,0.709219858,,,,,,
2/28/1938,1938,14.1,-0.704225352,0,,,,,,
3/31/1938,1938,14.1,0,-0.704225352,,,,,,
4/30/1938,1938,14.2,0.709219858,-0.699300699,,,,,,
5/31/1938,1938,14.1,-0.704225352,-2.083333333,,,,,,
6/30/1938,1938,14.1,0,-2.083333333,,,,,,
7/31/1938,1938,14.1,0,-2.75862069,,,,,,
8/31/1938,1938,14.1,0,-2.75862069,,,,,,
9/30/1938,1938,14.1,0,-3.424657534,,,,,,
10/31/1938,1938,14,-0.709219858,-4.109589041,,,,,,
11/30/1938,1938,14,0,-3.448275862,,,,,,
12/31/1938,1938,14,0,-2.777777778,,,,,,
1/31/1939,1939,14,0,-1.408450704,,,,,,
2/28/1939,1939,13.9,-0.714285714,-1.418439716,,,,,,
3/31/1939,1939,13.9,0,-1.418439716,,,,,,
4/30/1939,1939,13.8,-0.71942446,-2.816901408,,,,,,
5/31/1939,1939,13.8,0,-2.127659574,,,,,,
6/30/1939,1939,13.8,0,-2.127659574,,,,,,
7/31/1939,1939,13.8,0,-2.127659574,,,,,,
8/31/1939,1939,13.8,0,-2.127659574,,,,,,
9/30/1939,1939,14.1,2.173913043,0,,,,,,
10/31/1939,1939,14,-0.709219858,0,,,,,,
11/30/1939,1939,14,0,0,,,,,,
12/31/1939,1939,14,0,0,,,,,,
1/31/1940,1940,13.9,-0.714285714,-0.714285714,,,,,,
2/29/1940,1940,14,0.71942446,0.71942446,,,,,,
3/31/1940,1940,14,0,0.71942446,,,,,,
4/30/1940,1940,14,0,1.449275362,,,,,,
5/31/1940,1940,14,0,1.449275362,,,,,,
6/30/1940,1940,14.1,0.714285714,2.173913043,,,,,,
7/31/1940,1940,14,-0.709219858,1.449275362,,,,,,
8/31/1940,1940,14,0,1.449275362,,,,,,
9/30/1940,1940,14,0,-0.709219858,,,,,,
10/31/1940,1940,14,0,0,,,,,,
11/30/1940,1940,14,0,0,,,,,,
12/31/1940,1940,14.1,0.714285714,0.714285714,,,,,,
1/31/1941,1941,14.1,0,1.438848921,,,,,,
2/28/1941,1941,14.1,0,0.714285714,,,,,,
3/31/1941,1941,14.2,0.709219858,1.428571429,,,,,,
4/30/1941,1941,14.3,0.704225352,2.142857143,,,,,,
5/31/1941,1941,14.4,0.699300699,2.857142857,,,,,,
6/30/1941,1941,14.7,2.083333333,4.255319149,,,,,,
7/31/1941,1941,14.7,0,5,,,,,,
8/31/1941,1941,14.9,1.360544218,6.428571429,,,,,,
9/30/1941,1941,15.1,1.342281879,7.857142857,,,,,,
10/31/1941,1941,15.3,1.324503311,9.285714286,,,,,,
11/30/1941,1941,15.4,0.653594771,10,,,,,,
12/31/1941,1941,15.5,0.649350649,9.929078014,,,,,,
1/31/1942,1942,15.7,1.290322581,11.34751773,,,,,,
2/28/1942,1942,15.8,0.636942675,12.05673759,,,,,,
3/31/1942,1942,16,1.265822785,12.67605634,,,,,,
4/30/1942,1942,16.1,0.625,12.58741259,,,,,,
5/31/1942,1942,16.3,1.242236025,13.19444444,,,,,,
6/30/1942,1942,16.3,0,10.88435374,,,,,,
7/31/1942,1942,16.4,0.613496933,11.56462585,,,,,,
8/31/1942,1942,16.5,0.609756098,10.73825503,,,,,,
9/30/1942,1942,16.5,0,9.271523179,,,,,,
10/31/1942,1942,16.7,1.212121212,9.150326797,,,,,,
11/30/1942,1942,16.8,0.598802395,9.090909091,,,,,,
12/31/1942,1942,16.9,0.595238095,9.032258065,,,,,,
1/31/1943,1943,16.9,0,7.643312102,,,,,,
2/28/1943,1943,16.9,0,6.962025316,,,,,,
3/31/1943,1943,17.2,1.775147929,7.5,,,,,,
4/30/1943,1943,17.4,1.162790698,8.074534161,,,,,,
5/31/1943,1943,17.5,0.574712644,7.36196319,,,,,,
6/30/1943,1943,17.5,0,7.36196319,,,,,,
7/31/1943,1943,17.4,-0.571428571,6.097560976,,,,,,
8/31/1943,1943,17.3,-0.574712644,4.848484848,,,,,,
9/30/1943,1943,17.4,0.578034682,5.454545455,,,,,,
10/31/1943,1943,17.4,0,4.191616766,,,,,,
11/30/1943,1943,17.4,0,3.571428571,,,,,,
12/31/1943,1943,17.4,0,2.958579882,,,,,,
1/31/1944,1944,17.4,0,2.958579882,,,,,,
2/29/1944,1944,17.4,0,2.958579882,,,,,,
3/31/1944,1944,17.4,0,1.162790698,,,,,,
4/30/1944,1944,17.5,0.574712644,0.574712644,,,,,,
5/31/1944,1944,17.5,0,0,,,,,,
6/30/1944,1944,17.6,0.571428571,0.571428571,,,,,,
7/31/1944,1944,17.7,0.568181818,1.724137931,,,,,,
8/31/1944,1944,17.7,0,2.312138728,,,,,,
9/30/1944,1944,17.7,0,1.724137931,,,,,,
10/31/1944,1944,17.7,0,1.724137931,,,,,,
11/30/1944,1944,17.7,0,1.724137931,,,,,,
12/31/1944,1944,17.8,0.564971751,2.298850575,,,,,,
1/31/1945,1945,17.8,0,2.298850575,,,,,,
2/28/1945,1945,17.8,0,2.298850575,,,,,,
3/31/1945,1945,17.8,0,2.298850575,,,,,,
4/30/1945,1945,17.8,0,1.714285714,,,,,,
5/31/1945,1945,17.9,0.561797753,2.285714286,,,,,,
6/30/1945,1945,18.1,1.117318436,2.840909091,,,,,,
7/31/1945,1945,18.1,0,2.259887006,,,,,,
8/31/1945,1945,18.1,0,2.259887006,,,,,,
9/30/1945,1945,18.1,0,2.259887006,,,,,,
10/31/1945,1945,18.1,0,2.259887006,,,,,,
11/30/1945,1945,18.1,0,2.259887006,,,,,,
12/31/1945,1945,18.2,0.552486188,2.247191011,,,,,,
1/31/1946,1946,18.2,0,2.247191011,,,,,,
2/28/1946,1946,18.1,-0.549450549,1.685393258,,,,,,
3/31/1946,1946,18.3,1.104972376,2.808988764,,,,,,
4/30/1946,1946,18.4,0.546448087,3.370786517,,,,,,
5/31/1946,1946,18.5,0.543478261,3.351955307,,,,,,
6/30/1946,1946,18.7,1.081081081,3.314917127,,,,,,
7/31/1946,1946,19.8,5.882352941,9.392265193,,,,,,
8/31/1946,1946,20.2,2.02020202,11.60220994,,,,,,
9/30/1946,1946,20.4,0.99009901,12.70718232,,,,,,
10/31/1946,1946,20.8,1.960784314,14.91712707,,,,,,
11/30/1946,1946,21.3,2.403846154,17.67955801,,,,,,
12/31/1946,1946,21.5,0.938967136,18.13186813,,,,,,
1/31/1947,1947,21.5,0,18.13186813,,,,,,
2/28/1947,1947,21.5,0,18.78453039,,,,,,
3/31/1947,1947,21.9,1.860465116,19.67213115,,,,,,
4/30/1947,1947,21.9,0,19.02173913,,,,,,
5/31/1947,1947,21.9,0,18.37837838,,,,,,
6/30/1947,1947,22,0.456621005,17.64705882,,,,,,
7/31/1947,1947,22.2,0.909090909,12.12121212,,,,,,
8/31/1947,1947,22.5,1.351351351,11.38613861,,,,,,
9/30/1947,1947,23,2.222222222,12.74509804,,,,,,
10/31/1947,1947,23,0,10.57692308,,,,,,
11/30/1947,1947,23.1,0.434782609,8.450704225,,,,,,
12/31/1947,1947,23.4,1.298701299,8.837209302,,,,,,
1/31/1948,1948,23.7,1.282051282,10.23255814,,,,,,
2/29/1948,1948,23.5,-0.843881857,9.302325581,,,,,,
3/31/1948,1948,23.4,-0.425531915,6.849315068,,,,,,
4/30/1948,1948,23.8,1.709401709,8.675799087,,,,,,
5/31/1948,1948,23.9,0.420168067,9.132420091,,,,,,
6/30/1948,1948,24.1,0.836820084,9.545454545,,,,,,
7/31/1948,1948,24.4,1.244813278,9.90990991,,,,,,
8/31/1948,1948,24.5,0.409836066,8.888888889,,,,,,
9/30/1948,1948,24.5,0,6.52173913,,,,,,
10/31/1948,1948,24.4,-0.408163265,6.086956522,,,,,,
11/30/1948,1948,24.2,-0.819672131,4.761904762,,,,,,
12/31/1948,1948,24.1,-0.41322314,2.991452991,,,,,,
1/31/1949,1949,24,-0.414937759,1.265822785,,,,,,
2/28/1949,1949,23.8,-0.833333333,1.276595745,,,,,,
3/31/1949,1949,23.8,0,1.709401709,,,,,,
4/30/1949,1949,23.9,0.420168067,0.420168067,,,,,,
5/31/1949,1949,23.8,-0.418410042,-0.418410042,,,,,,
6/30/1949,1949,23.9,0.420168067,-0.829875519,,,,,,
7/31/1949,1949,23.7,-0.836820084,-2.868852459,,,,,,
8/31/1949,1949,23.8,0.421940928,-2.857142857,,,,,,
9/30/1949,1949,23.9,0.420168067,-2.448979592,,,,,,
10/31/1949,1949,23.7,-0.836820084,-2.868852459,,,,,,
11/30/1949,1949,23.8,0.421940928,-1.652892562,,,,,,
12/31/1949,1949,23.6,-0.840336134,-2.074688797,,,,,,
1/31/1950,1950,23.5,-0.423728814,-2.083333333,,,,,,
2/28/1950,1950,23.5,0,-1.260504202,,,,,,
3/31/1950,1950,23.6,0.425531915,-0.840336134,,,,,,
4/30/1950,1950,23.6,0,-1.255230126,,,,,,
5/31/1950,1950,23.7,0.423728814,-0.420168067,,,,,,
6/30/1950,1950,23.8,0.421940928,-0.418410042,,,,,,
7/31/1950,1950,24.1,1.260504202,1.687763713,,,,,,
8/31/1950,1950,24.3,0.829875519,2.100840336,,,,,,
9/30/1950,1950,24.4,0.411522634,2.092050209,,,,,,
10/31/1950,1950,24.6,0.819672131,3.797468354,,,,,,
11/30/1950,1950,24.7,0.406504065,3.781512605,,,,,,
12/31/1950,1950,25,1.214574899,5.93220339,,,,,,
1/31/1951,1951,25.4,1.6,8.085106383,,,,,,
2/28/1951,1951,25.7,1.181102362,9.361702128,,,,,,
3/31/1951,1951,25.8,0.389105058,9.322033898,,,,,,
4/30/1951,1951,25.8,0,9.322033898,,,,,,
5/31/1951,1951,25.9,0.387596899,9.282700422,,,,,,
6/30/1951,1951,25.9,0,8.823529412,,,,,,
7/31/1951,1951,25.9,0,7.468879668,,,,,,
8/31/1951,1951,25.9,0,6.58436214,,,,,,
9/30/1951,1951,26.1,0.772200772,6.967213115,,,,,,
10/31/1951,1951,26.2,0.383141762,6.504065041,,,,,,
11/30/1951,1951,26.4,0.763358779,6.882591093,,,,,,
12/31/1951,1951,26.5,0.378787879,6,,,,,,
1/31/1952,1952,26.5,0,4.330708661,,,,,,
2/29/1952,1952,26.3,-0.754716981,2.33463035,,,,,,
3/31/1952,1952,26.3,0,1.937984496,,,,,,
4/30/1952,1952,26.4,0.380228137,2.325581395,,,,,,
5/31/1952,1952,26.4,0,1.930501931,,,,,,
6/30/1952,1952,26.5,0.378787879,2.316602317,,,,,,
7/31/1952,1952,26.7,0.754716981,3.088803089,,,,,,
8/31/1952,1952,26.7,0,3.088803089,,,,,,
9/30/1952,1952,26.7,0,2.298850575,,,,,,
10/31/1952,1952,26.7,0,1.908396947,,,,,,
11/30/1952,1952,26.7,0,1.136363636,,,,,,
12/31/1952,1952,26.7,0,0.754716981,,,,,,
1/31/1953,1953,26.6,-0.374531835,0.377358491,,,,,,
2/28/1953,1953,26.5,-0.37593985,0.760456274,,,,,,
3/31/1953,1953,26.6,0.377358491,1.140684411,,,,,,
4/30/1953,1953,26.6,0,0.757575758,,,,,,
5/31/1953,1953,26.7,0.37593985,1.136363636,,,,,,
6/30/1953,1953,26.8,0.374531835,1.132075472,,,,,,
7/31/1953,1953,26.8,0,0.374531835,,,,,,
8/31/1953,1953,26.9,0.373134328,0.74906367,,,,,,
9/30/1953,1953,26.9,0,0.74906367,,,,,,
10/31/1953,1953,27,0.371747212,1.123595506,,,,,,
11/30/1953,1953,26.9,-0.37037037,0.74906367,,,,,,
12/31/1953,1953,26.9,0,0.74906367,,,,,,
1/31/1954,1954,26.9,0,1.127819549,,,,,,
2/28/1954,1954,26.9,0,1.509433962,,,,,,
3/31/1954,1954,26.9,0,1.127819549,,,,,,
4/30/1954,1954,26.8,-0.371747212,0.751879699,,,,,,
5/31/1954,1954,26.9,0.373134328,0.74906367,,,,,,
6/30/1954,1954,26.9,0,0.373134328,,,,,,
7/31/1954,1954,26.9,0,0.373134328,,,,,,
8/31/1954,1954,26.9,0,0,,,,,,
9/30/1954,1954,26.8,-0.371747212,-0.371747212,,,,,,
10/31/1954,1954,26.8,0,-0.740740741,,,,,,
11/30/1954,1954,26.8,0,-0.371747212,,,,,,
12/31/1954,1954,26.7,-0.373134328,-0.743494424,,,,,,
1/31/1955,1955,26.7,0,-0.743494424,,,,,,
2/28/1955,1955,26.7,0,-0.743494424,,,,,,
3/31/1955,1955,26.7,0,-0.743494424,,,,,,
4/30/1955,1955,26.7,0,-0.373134328,,,,,,
5/31/1955,1955,26.7,0,-0.743494424,,,,,,
6/30/1955,1955,26.7,0,-0.743494424,,,,,,
7/31/1955,1955,26.8,0.374531835,-0.371747212,,,,,,
8/31/1955,1955,26.8,0,-0.371747212,,,,,,
9/30/1955,1955,26.9,0.373134328,0.373134328,,,,,,
10/31/1955,1955,26.9,0,0.373134328,,,,,,
11/30/1955,1955,26.9,0,0.373134328,,,,,,
12/31/1955,1955,26.8,-0.371747212,0.374531835,,,,,,
1/31/1956,1956,26.8,0,0.374531835,,,,,,
2/29/1956,1956,26.8,0,0.374531835,,,,,,
3/31/1956,1956,26.8,0,0.374531835,,,,,,
4/30/1956,1956,26.9,0.373134328,0.74906367,,,,,,
5/31/1956,1956,27,0.371747212,1.123595506,,,,,,
6/30/1956,1956,27.2,0.740740741,1.872659176,,,,,,
7/31/1956,1956,27.4,0.735294118,2.23880597,,,,,,
8/31/1956,1956,27.3,-0.364963504,1.865671642,,,,,,
9/30/1956,1956,27.4,0.366300366,1.858736059,,,,,,
10/31/1956,1956,27.5,0.364963504,2.230483271,,,,,,
11/30/1956,1956,27.5,0,2.230483271,,,,,,
12/31/1956,1956,27.6,0.363636364,2.985074627,,,,,,
1/31/1957,1957,27.6,0,2.985074627,,,,,,
2/28/1957,1957,27.7,0.362318841,3.358208955,,,,,,
3/31/1957,1957,27.8,0.36101083,3.731343284,,,,,,
4/30/1957,1957,27.9,0.35971223,3.717472119,,,,,,
5/31/1957,1957,28,0.358422939,3.703703704,,,,,,
6/30/1957,1957,28.1,0.357142857,3.308823529,,,,,,
7/31/1957,1957,28.3,0.711743772,3.284671533,,,,,,
8/31/1957,1957,28.3,0,3.663003663,,,,,,
9/30/1957,1957,28.3,0,3.284671533,,,,,,
10/31/1957,1957,28.3,0,2.909090909,,,,,,
11/30/1957,1957,28.4,0.35335689,3.272727273,,,,,,
12/31/1957,1957,28.4,0,2.898550725,,,,,,
1/31/1958,1958,28.6,0.704225352,3.623188406,,,,,,
2/28/1958,1958,28.6,0,3.249097473,,,,,,
3/31/1958,1958,28.8,0.699300699,3.597122302,,,,,,
4/30/1958,1958,28.9,0.347222222,3.584229391,,,,,,
5/31/1958,1958,28.9,0,3.214285714,,,,,,
6/30/1958,1958,28.9,0,2.846975089,,,,,,
7/31/1958,1958,29,0.346020761,2.473498233,,,,,,
8/31/1958,1958,28.9,-0.344827586,2.120141343,,,,,,
9/30/1958,1958,28.9,0,2.120141343,,,,,,
10/31/1958,1958,28.9,0,2.120141343,,,,,,
11/30/1958,1958,29,0.346020761,2.112676056,,,,,,
12/31/1958,1958,28.9,-0.344827586,1.76056338,,,,,,
1/31/1959,1959,29,0.346020761,1.398601399,,,,,,
2/28/1959,1959,28.9,-0.344827586,1.048951049,,,,,,
3/31/1959,1959,28.9,0,0.347222222,,,,,,
4/30/1959,1959,29,0.346020761,0.346020761,,,,,,
5/31/1959,1959,29,0,0.346020761,,,,,,
6/30/1959,1959,29.1,0.344827586,0.692041522,,,,,,
7/31/1959,1959,29.2,0.343642612,0.689655172,,,,,,
8/31/1959,1959,29.2,0,1.038062284,,,,,,
9/30/1959,1959,29.3,0.342465753,1.384083045,,,,,,
10/31/1959,1959,29.4,0.341296928,1.730103806,,,,,,
11/30/1959,1959,29.4,0,1.379310345,,,,,,
12/31/1959,1959,29.4,0,1.730103806,,,,,,
1/31/1960,1960,29.3,-0.340136054,1.034482759,,,,,,
2/29/1960,1960,29.4,0.341296928,1.730103806,,,,,,
3/31/1960,1960,29.4,0,1.730103806,,,,,,
4/30/1960,1960,29.5,0.340136054,1.724137931,,,,,,
5/31/1960,1960,29.5,0,1.724137931,,,,,,
6/30/1960,1960,29.6,0.338983051,1.718213058,,,,,,
7/31/1960,1960,29.6,0,1.369863014,,,,,,
8/31/1960,1960,29.6,0,1.369863014,,,,,,
9/30/1960,1960,29.6,0,1.023890785,,,,,,
10/31/1960,1960,29.8,0.675675676,1.360544218,,,,,,
11/30/1960,1960,29.8,0,1.360544218,,,,,,
12/31/1960,1960,29.8,0,1.360544218,,,,,,
1/31/1961,1961,29.8,0,1.706484642,,,,,,
2/28/1961,1961,29.8,0,1.360544218,,,,,,
3/31/1961,1961,29.8,0,1.360544218,,,,,,
4/30/1961,1961,29.8,0,1.016949153,,,,,,
5/31/1961,1961,29.8,0,1.016949153,,,,,,
6/30/1961,1961,29.8,0,0.675675676,,,,,,
7/31/1961,1961,30,0.67114094,1.351351351,,,,,,
8/31/1961,1961,29.9,-0.333333333,1.013513514,,,,,,
9/30/1961,1961,30,0.334448161,1.351351351,,,,,,
10/31/1961,1961,30,0,0.67114094,,,,,,
11/30/1961,1961,30,0,0.67114094,,,,,,
12/31/1961,1961,30,0,0.67114094,,,,,,
1/31/1962,1962,30,0,0.67114094,,,,,,
2/28/1962,1962,30.1,0.333333333,1.006711409,,,,,,
3/31/1962,1962,30.1,0,1.006711409,,,,,,
4/30/1962,1962,30.2,0.332225914,1.342281879,,,,,,
5/31/1962,1962,30.2,0,1.342281879,,,,,,
6/30/1962,1962,30.2,0,1.342281879,,,,,,
7/31/1962,1962,30.3,0.331125828,1,,,,,,
8/31/1962,1962,30.3,0,1.337792642,,,,,,
9/30/1962,1962,30.4,0.330033003,1.333333333,,,,,,
10/31/1962,1962,30.4,0,1.333333333,,,,,,
11/30/1962,1962,30.4,0,1.333333333,,,,,,
12/31/1962,1962,30.4,0,1.333333333,,,,,,
1/31/1963,1963,30.4,0,1.333333333,,,,,,
2/28/1963,1963,30.4,0,0.996677741,,,,,,
3/31/1963,1963,30.5,0.328947368,1.328903654,,,,,,
4/30/1963,1963,30.5,0,0.993377483,,,,,,
5/31/1963,1963,30.5,0,0.993377483,,,,,,
6/30/1963,1963,30.6,0.327868852,1.324503311,,,,,,
7/31/1963,1963,30.7,0.326797386,1.320132013,,,,,,
8/31/1963,1963,30.7,0,1.320132013,,,,,,
9/30/1963,1963,30.7,0,0.986842105,,,,,,
10/31/1963,1963,30.8,0.325732899,1.315789474,,,,,,
11/30/1963,1963,30.8,0,1.315789474,,,,,,
12/31/1963,1963,30.9,0.324675325,1.644736842,,,,,,
1/31/1964,1964,30.9,0,1.644736842,,,,,,
2/29/1964,1964,30.9,0,1.644736842,,,,,,
3/31/1964,1964,30.9,0,1.31147541,,,,,,
4/30/1964,1964,30.9,0,1.31147541,,,,,,
5/31/1964,1964,30.9,0,1.31147541,,,,,,
6/30/1964,1964,31,0.323624595,1.307189542,,,,,,
7/31/1964,1964,31.1,0.322580645,1.302931596,,,,,,
8/31/1964,1964,31,-0.321543408,0.977198697,,,,,,
9/30/1964,1964,31.1,0.322580645,1.302931596,,,,,,
10/31/1964,1964,31.1,0,0.974025974,,,,,,
11/30/1964,1964,31.2,0.321543408,1.298701299,,,,,,
12/31/1964,1964,31.2,0,0.970873786,,,,,,
1/31/1965,1965,31.2,0,0.970873786,,,,,,
2/28/1965,1965,31.2,0,0.970873786,,,,,,
3/31/1965,1965,31.3,0.320512821,1.294498382,,,,,,
4/30/1965,1965,31.4,0.319488818,1.618122977,,,,,,
5/31/1965,1965,31.4,0,1.618122977,,,,,,
6/30/1965,1965,31.6,0.636942675,1.935483871,,,,,,
7/31/1965,1965,31.6,0,1.607717042,,,,,,
8/31/1965,1965,31.6,0,1.935483871,,,,,,
9/30/1965,1965,31.6,0,1.607717042,,,,,,
10/31/1965,1965,31.7,0.316455696,1.92926045,,,,,,
11/30/1965,1965,31.7,0,1.602564103,,,,,,
12/31/1965,1965,31.8,0.315457413,1.923076923,,,,,,
1/31/1966,1966,31.8,0,1.923076923,,,,,,
2/28/1966,1966,32,0.628930818,2.564102564,,,,,,
3/31/1966,1966,32.1,0.3125,2.555910543,,,,,,
4/30/1966,1966,32.3,0.62305296,2.866242038,,,,,,
5/31/1966,1966,32.3,0,2.866242038,,,,,,
6/30/1966,1966,32.4,0.309597523,2.53164557,,,,,,
7/31/1966,1966,32.5,0.308641975,2.848101266,,,,,,
8/31/1966,1966,32.7,0.615384615,3.481012658,,,,,,
9/30/1966,1966,32.7,0,3.481012658,,,,,,
10/31/1966,1966,32.9,0.611620795,3.785488959,,,,,,
11/30/1966,1966,32.9,0,3.785488959,,,,,,
12/31/1966,1966,32.9,0,3.459119497,,,,,,
1/31/1967,1967,32.9,0,3.459119497,,,,,,
2/28/1967,1967,32.9,0,2.8125,,,,,,
3/31/1967,1967,33,0.303951368,2.803738318,,,,,,
4/30/1967,1967,33.1,0.303030303,2.476780186,,,,,,
5/31/1967,1967,33.2,0.302114804,2.786377709,,,,,,
6/30/1967,1967,33.3,0.301204819,2.777777778,,,,,,
7/31/1967,1967,33.4,0.3003003,2.769230769,,,,,,
8/31/1967,1967,33.5,0.299401198,2.44648318,,,,,,
9/30/1967,1967,33.6,0.298507463,2.752293578,,,,,,
10/31/1967,1967,33.7,0.297619048,2.431610942,,,,,,
11/30/1967,1967,33.8,0.296735905,2.73556231,,,,,,
12/31/1967,1967,33.9,0.295857988,3.039513678,,,,,,
1/31/1968,1968,34.1,0.589970501,3.647416413,,,,,,
2/29/1968,1968,34.2,0.293255132,3.951367781,,,,,,
3/31/1968,1968,34.3,0.292397661,3.939393939,,,,,,
4/30/1968,1968,34.4,0.29154519,3.927492447,,,,,,
5/31/1968,1968,34.5,0.290697674,3.915662651,,,,,,
6/30/1968,1968,34.7,0.579710145,4.204204204,,,,,,
7/31/1968,1968,34.9,0.576368876,4.491017964,,,,,,
8/31/1968,1968,35,0.286532951,4.47761194,,,,,,
9/30/1968,1968,35.1,0.285714286,4.464285714,,,,,,
10/31/1968,1968,35.3,0.56980057,4.747774481,,,,,,
11/30/1968,1968,35.4,0.283286119,4.733727811,,,,,,
12/31/1968,1968,35.5,0.282485876,4.719764012,,,,,,
1/31/1969,1969,35.6,0.281690141,4.398826979,,,,,,
2/28/1969,1969,35.8,0.561797753,4.678362573,,,,,,
3/31/1969,1969,36.1,0.837988827,5.247813411,,,,,,
4/30/1969,1969,36.3,0.55401662,5.523255814,,,,,,
5/31/1969,1969,36.4,0.275482094,5.507246377,,,,,,
6/30/1969,1969,36.6,0.549450549,5.475504323,,,,,,
7/31/1969,1969,36.8,0.546448087,5.444126074,,,,,,
8/31/1969,1969,37,0.543478261,5.714285714,,,,,,
9/30/1969,1969,37.1,0.27027027,5.698005698,,,,,,
10/31/1969,1969,37.3,0.539083558,5.66572238,,,,,,
11/30/1969,1969,37.5,0.536193029,5.93220339,,,,,,
12/31/1969,1969,37.7,0.533333333,6.197183099,,,,,,
1/31/1970,1970,37.8,0.265251989,6.179775281,,,,,,
2/28/1970,1970,38,0.529100529,6.145251397,,,,,,
3/31/1970,1970,38.2,0.526315789,5.817174515,,,,,,
4/30/1970,1970,38.5,0.785340314,6.060606061,,,,,,
5/31/1970,1970,38.6,0.25974026,6.043956044,,,,,,
6/30/1970,1970,38.8,0.518134715,6.010928962,,,,,,
7/31/1970,1970,39,0.515463918,5.97826087,,,,,,
8/31/1970,1970,39,0,5.405405405,,,,,,
9/30/1970,1970,39.2,0.512820513,5.660377358,,,,,,
10/31/1970,1970,39.4,0.510204082,5.63002681,,,,,,
11/30/1970,1970,39.6,0.507614213,5.6,,,,,,
12/31/1970,1970,39.8,0.505050505,5.570291777,,,,,,
1/31/1971,1971,39.8,0,5.291005291,,,,,,
2/28/1971,1971,39.9,0.251256281,5,,,,,,
3/31/1971,1971,40,0.250626566,4.712041885,,,,,,
4/30/1971,1971,40.1,0.25,4.155844156,,,,,,
5/31/1971,1971,40.3,0.498753117,4.404145078,,,,,,
6/30/1971,1971,40.6,0.744416873,4.639175258,,,,,,
7/31/1971,1971,40.7,0.246305419,4.358974359,,,,,,
8/31/1971,1971,40.8,0.245700246,4.615384615,,,,,,
9/30/1971,1971,40.8,0,4.081632653,,,,,,
10/31/1971,1971,40.9,0.245098039,3.807106599,,,,,,
11/30/1971,1971,40.9,0,3.282828283,,,,,,
12/31/1971,1971,41.1,0.488997555,3.266331658,,,,,,
1/31/1972,1972,41.1,0,3.266331658,,,,,,
2/29/1972,1972,41.3,0.486618005,3.50877193,,,,,,
3/31/1972,1972,41.4,0.242130751,3.5,,,,,,
4/30/1972,1972,41.5,0.241545894,3.49127182,,,,,,
5/31/1972,1972,41.6,0.240963855,3.225806452,,,,,,
6/30/1972,1972,41.7,0.240384615,2.709359606,,,,,,
7/31/1972,1972,41.9,0.479616307,2.948402948,,,,,,
8/31/1972,1972,42,0.238663484,2.941176471,,,,,,
9/30/1972,1972,42.1,0.238095238,3.18627451,,,,,,
10/31/1972,1972,42.3,0.475059382,3.422982885,,,,,,
11/30/1972,1972,42.4,0.236406619,3.667481663,,,,,,
12/31/1972,1972,42.5,0.235849057,3.406326034,,,,,,
1/31/1973,1973,42.6,0.235294118,3.649635036,,,,,,
2/28/1973,1973,42.9,0.704225352,3.87409201,,,,,,
3/31/1973,1973,43.3,0.932400932,4.589371981,,,,,,
4/30/1973,1973,43.6,0.692840647,5.060240964,,,,,,
5/31/1973,1973,43.9,0.688073394,5.528846154,,,,,,
6/30/1973,1973,44.2,0.683371298,5.995203837,,,,,,
7/31/1973,1973,44.3,0.226244344,5.727923628,,,,,,
8/31/1973,1973,45.1,1.805869074,7.380952381,,,,,,
9/30/1973,1973,45.2,0.22172949,7.363420428,,,,,,
10/31/1973,1973,45.6,0.884955752,7.80141844,,,,,,
11/30/1973,1973,45.9,0.657894737,8.254716981,,,,,,
12/31/1973,1973,46.2,0.653594771,8.705882353,,,,,,
1/31/1974,1974,46.6,0.865800866,9.389671362,,,,,,
2/28/1974,1974,47.2,1.287553648,10.02331002,,,,,,
3/31/1974,1974,47.8,1.271186441,10.3926097,,,,,,
4/30/1974,1974,48,0.418410042,10.09174312,,,,,,
5/31/1974,1974,48.6,1.25,10.70615034,,,,,,
6/30/1974,1974,49,0.823045267,10.85972851,,,,,,
7/31/1974,1974,49.4,0.816326531,11.51241535,,,,,,
8/31/1974,1974,50,1.214574899,10.86474501,,,,,,
9/30/1974,1974,50.6,1.2,11.94690265,,,,,,
10/31/1974,1974,51.1,0.988142292,12.06140351,,,,,,
11/30/1974,1974,51.5,0.782778865,12.20043573,,,,,,
12/31/1974,1974,51.9,0.776699029,12.33766234,,,,,,
1/31/1975,1975,52.1,0.385356455,11.80257511,,,,,,
2/28/1975,1975,52.5,0.767754319,11.22881356,,,,,,
3/31/1975,1975,52.7,0.380952381,10.25104603,,,,,,
4/30/1975,1975,52.9,0.379506641,10.20833333,,,,,,
5/31/1975,1975,53.2,0.56710775,9.465020576,,,,,,
6/30/1975,1975,53.6,0.751879699,9.387755102,,,,,,
7/31/1975,1975,54.2,1.119402985,9.71659919,,,,,,
8/31/1975,1975,54.3,0.184501845,8.6,,,,,,
9/30/1975,1975,54.6,0.552486188,7.90513834,,,,,,
10/31/1975,1975,54.9,0.549450549,7.436399217,,,,,,
11/30/1975,1975,55.3,0.72859745,7.378640777,,,,,,
12/31/1975,1975,55.5,0.361663653,6.936416185,,,,,,
1/31/1976,1976,55.6,0.18018018,6.717850288,,,,,,
2/29/1976,1976,55.8,0.35971223,6.285714286,,,,,,
3/31/1976,1976,55.9,0.17921147,6.072106262,,,,,,
4/30/1976,1976,56.1,0.357781753,6.049149338,,,,,,
5/31/1976,1976,56.5,0.713012478,6.203007519,,,,,,
6/30/1976,1976,56.8,0.530973451,5.970149254,,,,,,
7/31/1976,1976,57.1,0.528169014,5.350553506,,,,,,
8/31/1976,1976,57.4,0.525394046,5.709023941,,,,,,
9/30/1976,1976,57.6,0.348432056,5.494505495,,,,,,
10/31/1976,1976,57.9,0.520833333,5.464480874,,,,,,
11/30/1976,1976,58,0.172711572,4.882459313,,,,,,
12/31/1976,1976,58.2,0.344827586,4.864864865,,,,,,
1/31/1977,1977,58.5,0.515463918,5.215827338,,,,,,
2/28/1977,1977,59.1,1.025641026,5.913978495,,,,,,
3/31/1977,1977,59.5,0.676818951,6.440071556,,,,,,
4/30/1977,1977,60,0.840336134,6.951871658,,,,,,
5/31/1977,1977,60.3,0.5,6.725663717,,,,,,
6/30/1977,1977,60.7,0.663349917,6.866197183,,,,,,
7/31/1977,1977,61,0.494233937,6.830122592,,,,,,
8/31/1977,1977,61.2,0.327868852,6.620209059,,,,,,
9/30/1977,1977,61.4,0.326797386,6.597222222,,,,,,
10/31/1977,1977,61.6,0.325732899,6.390328152,,,,,,
11/30/1977,1977,61.9,0.487012987,6.724137931,,,,,,
12/31/1977,1977,62.1,0.323101777,6.701030928,,,,,,
1/31/1978,1978,62.5,0.644122383,6.837606838,,,,,,
2/28/1978,1978,62.9,0.64,6.429780034,,,,,,
3/31/1978,1978,63.4,0.79491256,6.554621849,,,,,,
4/30/1978,1978,63.9,0.788643533,6.5,,,,,,
5/31/1978,1978,64.5,0.938967136,6.965174129,,,,,,
6/30/1978,1978,65.2,1.085271318,7.413509061,,,,,,
7/31/1978,1978,65.7,0.766871166,7.704918033,,,,,,
8/31/1978,1978,66,0.456621005,7.843137255,,,,,,
9/30/1978,1978,66.5,0.757575758,8.306188925,,,,,,
10/31/1978,1978,67.1,0.902255639,8.928571429,,,,,,
11/30/1978,1978,67.4,0.44709389,8.885298869,,,,,,
12/31/1978,1978,67.7,0.445103858,9.017713366,,,,,,
1/31/1979,1979,68.3,0.886262925,9.28,,,,,,
2/28/1979,1979,69.1,1.171303075,9.856915739,,,,,,
3/31/1979,1979,69.8,1.013024602,10.09463722,,,,,,
4/30/1979,1979,70.6,1.146131805,10.48513302,,,,,,
5/31/1979,1979,71.5,1.274787535,10.85271318,,,,,,
6/30/1979,1979,72.3,1.118881119,10.88957055,,,,,,
7/31/1979,1979,73.1,1.106500692,11.26331811,,,,,,
8/31/1979,1979,73.8,0.957592339,11.81818182,,,,,,
9/30/1979,1979,74.6,1.08401084,12.18045113,,,,,,
10/31/1979,1979,75.2,0.804289544,12.07153502,,,,,,
11/30/1979,1979,75.9,0.930851064,12.61127596,,,,,,
12/31/1979,1979,76.7,1.054018445,13.29394387,,,,,,
1/31/1980,1980,77.8,1.434159061,13.90922401,,,,,,
2/29/1980,1980,78.9,1.413881748,14.18234443,,,,,,
3/31/1980,1980,80.1,1.520912548,14.75644699,,,,,,
4/30/1980,1980,81,1.123595506,14.73087819,,,,,,
5/31/1980,1980,81.8,0.987654321,14.40559441,,,,,,
6/30/1980,1980,82.7,1.100244499,14.38450899,,,,,,
7/31/1980,1980,82.7,0,13.13269494,,,,,,
8/31/1980,1980,83.3,0.725513906,12.87262873,,,,,,
9/30/1980,1980,84,0.840336134,12.60053619,,,,,,
10/31/1980,1980,84.8,0.952380952,12.76595745,,,,,,
11/30/1980,1980,85.5,0.825471698,12.64822134,,,,,,
12/31/1980,1980,86.3,0.935672515,12.51629726,,,,,,
1/31/1981,1981,87,0.811123986,11.8251928,,,,,,
2/28/1981,1981,87.9,1.034482759,11.40684411,,,,,,
3/31/1981,1981,88.5,0.682593857,10.48689139,,,,,,
4/30/1981,1981,89.1,0.677966102,10,,,,,,
5/31/1981,1981,89.8,0.785634119,9.7799511,,,,,,
6/30/1981,1981,90.6,0.890868597,9.552599758,,,,,,
7/31/1981,1981,91.6,1.103752759,10.7617896,,,,,,
8/31/1981,1981,92.3,0.76419214,10.80432173,,,,,,
9/30/1981,1981,93.2,0.975081257,10.95238095,,,,,,
10/31/1981,1981,93.4,0.214592275,10.14150943,,,,,,
11/30/1981,1981,93.7,0.321199143,9.590643275,,,,,,
12/31/1981,1981,94,0.320170758,8.922363847,,,,,,
1/31/1982,1982,94.3,0.319148936,8.390804598,,,,,,
2/28/1982,1982,94.6,0.318133616,7.622298066,,,,,,
3/31/1982,1982,94.5,-0.105708245,6.779661017,,,,,,
4/30/1982,1982,94.9,0.423280423,6.509539843,,,,,,
5/31/1982,1982,95.8,0.948366702,6.681514477,,,,,,
6/30/1982,1982,97,1.252609603,7.06401766,,,,,,
7/31/1982,1982,97.5,0.515463918,6.441048035,,,,,,
8/31/1982,1982,97.7,0.205128205,5.850487541,,,,,,
9/30/1982,1982,97.9,0.204708291,5.042918455,,,,,,
10/31/1982,1982,98.2,0.306435138,5.139186296,,,,,,
11/30/1982,1982,98,-0.203665988,4.589114194,,,,,,
12/31/1982,1982,97.6,-0.408163265,3.829787234,,,,,,
1/31/1983,1983,97.8,0.204918033,3.711558855,,,,,,
2/28/1983,1983,97.9,0.102249489,3.488372093,,,,,,
3/31/1983,1983,97.9,0,3.597883598,,,,,,
4/30/1983,1983,98.6,0.715015322,3.898840885,,,,,,
5/31/1983,1983,99.2,0.60851927,3.549060543,,,,,,
6/30/1983,1983,99.5,0.302419355,2.577319588,,,,,,
7/31/1983,1983,99.9,0.40201005,2.461538462,,,,,,
8/31/1983,1983,100.2,0.3003003,2.558853634,,,,,,
9/30/1983,1983,100.7,0.499001996,2.860061287,,,,,,
10/31/1983,1983,101,0.297914598,2.851323829,,,,,,
11/30/1983,1983,101.2,0.198019802,3.265306122,,,,,,
12/31/1983,1983,101.3,0.098814229,3.790983607,,,,,,
1/31/1984,1984,101.9,0.592300099,4.192229039,,,,,,
2/29/1984,1984,102.4,0.490677134,4.596527068,,,,,,
3/31/1984,1984,102.6,0.1953125,4.80081716,,,,,,
4/30/1984,1984,103.1,0.487329435,4.563894523,,,,,,
5/31/1984,1984,103.4,0.290979631,4.233870968,,,,,,
6/30/1984,1984,103.7,0.290135397,4.221105528,,,,,,
7/31/1984,1984,104.1,0.385728062,4.204204204,,,,,,
8/31/1984,1984,104.5,0.384245917,4.291417166,,,,,,
9/30/1984,1984,105,0.4784689,4.270109235,,,,,,
10/31/1984,1984,105.3,0.285714286,4.257425743,,,,,,
11/30/1984,1984,105.3,0,4.051383399,,,,,,
12/31/1984,1984,105.3,0,3.948667325,,,,,,
1/31/1985,1985,105.5,0.189933523,3.532875368,,,,,,
2/28/1985,1985,106,0.473933649,3.515625,,,,,,
3/31/1985,1985,106.4,0.377358491,3.703703704,,,,,,
4/30/1985,1985,106.9,0.469924812,3.685741998,,,,,,
5/31/1985,1985,107.3,0.374181478,3.771760155,,,,,,
6/30/1985,1985,107.6,0.279589935,3.760848602,,,,,,
7/31/1985,1985,107.8,0.185873606,3.554274736,,,,,,
8/31/1985,1985,108,0.185528757,3.349282297,,,,,,
9/30/1985,1985,108.3,0.277777778,3.142857143,,,,,,
10/31/1985,1985,108.7,0.369344414,3.228869896,,,,,,
11/30/1985,1985,109,0.27598896,3.51377018,,,,,,
12/31/1985,1985,109.3,0.275229358,3.798670465,,,,,,
1/31/1986,1986,109.6,0.274473925,3.886255924,,,,,,
2/28/1986,1986,109.3,-0.273722628,3.113207547,,,,,,
3/31/1986,1986,108.8,-0.457456542,2.255639098,,,,,,
4/30/1986,1986,108.6,-0.183823529,1.590271282,,,,,,
5/31/1986,1986,108.9,0.276243094,1.491146319,,,,,,
6/30/1986,1986,109.5,0.550964187,1.765799257,,,,,,
7/31/1986,1986,109.5,0,1.576994434,,,,,,
8/31/1986,1986,109.7,0.182648402,1.574074074,,,,,,
9/30/1986,1986,110.2,0.455788514,1.754385965,,,,,,
10/31/1986,1986,110.3,0.090744102,1.471941122,,,,,,
11/30/1986,1986,110.4,0.090661831,1.28440367,,,,,,
12/31/1986,1986,110.5,0.09057971,1.0978957,,,,,,
1/31/1987,1987,111.2,0.633484163,1.459854015,,,,,,
2/28/1987,1987,111.6,0.35971223,2.104300091,,,,,,
3/31/1987,1987,112.1,0.448028674,3.033088235,,,,,,
4/30/1987,1987,112.7,0.535236396,3.775322284,,,,,,
5/31/1987,1987,113.1,0.354924579,3.856749311,,,,,,
6/30/1987,1987,113.5,0.353669319,3.652968037,,,,,,
7/31/1987,1987,113.8,0.264317181,3.926940639,,,,,,
8/31/1987,1987,114.4,0.527240773,4.284412033,,,,,,
9/30/1987,1987,115,0.524475524,4.355716878,,,,,,
10/31/1987,1987,115.3,0.260869565,4.533091568,,,,,,
11/30/1987,1987,115.4,0.086730269,4.528985507,,,,,,
12/31/1987,1987,115.4,0,4.43438914,,,,,,
1/31/1988,1988,115.7,0.259965338,4.04676259,,,,,,
2/29/1988,1988,116,0.259291271,3.94265233,,,,,,
3/31/1988,1988,116.5,0.431034483,3.925066905,,,,,,
4/30/1988,1988,117.1,0.515021459,3.904170364,,,,,,
5/31/1988,1988,117.5,0.341588386,3.890362511,,,,,,
6/30/1988,1988,118,0.425531915,3.964757709,,,,,,
7/31/1988,1988,118.5,0.423728814,4.130052724,,,,,,
8/31/1988,1988,119,0.421940928,4.020979021,,,,,,
9/30/1988,1988,119.8,0.672268908,4.173913043,,,,,,
10/31/1988,1988,120.2,0.333889816,4.249783174,,,,,,
11/30/1988,1988,120.3,0.083194676,4.24610052,,,,,,
12/31/1988,1988,120.5,0.166251039,4.419410745,,,,,,
1/31/1989,1989,121.1,0.497925311,4.667242869,,,,,,
2/28/1989,1989,121.6,0.412881916,4.827586207,,,,,,
3/31/1989,1989,122.3,0.575657895,4.978540773,,,,,,
4/30/1989,1989,123.1,0.654129191,5.12382579,,,,,,
5/31/1989,1989,123.8,0.568643379,5.361702128,,,,,,
6/30/1989,1989,124.1,0.242326333,5.169491525,,,,,,
7/31/1989,1989,124.4,0.241740532,4.978902954,,,,,,
8/31/1989,1989,124.6,0.160771704,4.705882353,,,,,,
9/30/1989,1989,125,0.321027287,4.340567613,,,,,,
10/31/1989,1989,125.6,0.48,4.492512479,,,,,,
11/30/1989,1989,125.9,0.238853503,4.655029094,,,,,,
12/31/1989,1989,126.1,0.158856235,4.647302905,,,,,,
1/31/1990,1990,127.4,1.030927835,5.202312139,,,,,,
2/28/1990,1990,128,0.470957614,5.263157895,,,,,,
3/31/1990,1990,128.7,0.546875,5.233033524,,,,,,
4/30/1990,1990,128.9,0.155400155,4.711616572,,,,,,
5/31/1990,1990,129.2,0.232738557,4.36187399,,,,,,
6/30/1990,1990,129.9,0.541795666,4.673650282,,,,,,
7/31/1990,1990,130.4,0.38491147,4.823151125,,,,,,
8/31/1990,1990,131.6,0.920245399,5.617977528,,,,,,
9/30/1990,1990,132.7,0.835866261,6.16,,,,,,
10/31/1990,1990,133.5,0.602863602,6.289808917,,,,,,
11/30/1990,1990,133.8,0.224719101,6.274821287,,,,,,
12/31/1990,1990,133.8,0,6.106264869,,,,,,
1/31/1991,1991,134.6,0.597907324,5.651491366,,,,,,
2/28/1991,1991,134.8,0.14858841,5.3125,,,,,,
3/31/1991,1991,135,0.148367953,4.895104895,,,,,,
4/30/1991,1991,135.2,0.148148148,4.887509697,,,,,,
5/31/1991,1991,135.6,0.295857988,4.953560372,,,,,,
6/30/1991,1991,136,0.294985251,4.695919938,,,,,,
7/31/1991,1991,136.2,0.147058824,4.447852761,,,,,,
8/31/1991,1991,136.6,0.293685756,3.799392097,,,,,,
9/30/1991,1991,137.2,0.439238653,3.391107762,,,,,,
10/31/1991,1991,137.4,0.145772595,2.921348315,,,,,,
11/30/1991,1991,137.8,0.291120815,2.989536622,,,,,,
12/31/1991,1991,137.9,0.07256894,3.064275037,,,,,,
1/31/1992,1992,138.1,0.145032632,2.600297177,,,,,,
2/29/1992,1992,138.6,0.362056481,2.818991098,,,,,,
3/31/1992,1992,139.3,0.505050505,3.185185185,,,,,,
4/30/1992,1992,139.5,0.143575018,3.180473373,,,,,,
5/31/1992,1992,139.7,0.143369176,3.02359882,,,,,,
6/30/1992,1992,140.2,0.357909807,3.088235294,,,,,,
7/31/1992,1992,140.5,0.213980029,3.15712188,,,,,,
8/31/1992,1992,140.9,0.284697509,3.147877013,,,,,,
9/30/1992,1992,141.3,0.283889283,2.988338192,,,,,,
10/31/1992,1992,141.8,0.353857042,3.202328967,,,,,,
11/30/1992,1992,142,0.141043724,3.047895501,,,,,,
12/31/1992,1992,141.9,-0.070422535,2.900652647,,,,,,
1/31/1993,1993,142.6,0.493305144,3.258508327,,,,,,
2/28/1993,1993,143.1,0.350631136,3.246753247,,,,,,
3/31/1993,1993,143.6,0.34940601,3.086862886,,,,,,
4/30/1993,1993,144,0.278551532,3.225806452,,,,,,
5/31/1993,1993,144.2,0.138888889,3.221188261,,,,,,
6/30/1993,1993,144.4,0.138696255,2.995720399,,,,,,
7/31/1993,1993,144.4,0,2.775800712,,,,,,
8/31/1993,1993,144.8,0.27700831,2.767920511,,,,,,
9/30/1993,1993,145.1,0.20718232,2.689313517,,,,,,
10/31/1993,1993,145.7,0.413507926,2.750352609,,,,,,
11/30/1993,1993,145.8,0.06863418,2.676056338,,,,,,
12/31/1993,1993,145.8,0,2.748414376,,,,,,
1/31/1994,1994,146.2,0.274348422,2.52454418,,,,,,
2/28/1994,1994,146.7,0.341997264,2.51572327,,,,,,
3/31/1994,1994,147.2,0.340831629,2.506963788,,,,,,
4/30/1994,1994,147.4,0.135869565,2.361111111,,,,,,
5/31/1994,1994,147.5,0.067842605,2.288488211,,,,,,
6/30/1994,1994,148,0.338983051,2.493074792,,,,,,
7/31/1994,1994,148.4,0.27027027,2.770083102,,,,,,
8/31/1994,1994,149,0.404312668,2.900552486,,,,,,
9/30/1994,1994,149.4,0.268456376,2.963473467,,,,,,
10/31/1994,1994,149.5,0.066934404,2.608098833,,,,,,
11/30/1994,1994,149.7,0.133779264,2.674897119,,,,,,
12/31/1994,1994,149.7,0,2.674897119,,,,,,
1/31/1995,1995,150.3,0.400801603,2.804377565,,,,,,
2/28/1995,1995,150.9,0.399201597,2.862985685,,,,,,
3/31/1995,1995,151.4,0.331345262,2.85326087,,,,,,
4/30/1995,1995,151.9,0.330250991,3.052917232,,,,,,
5/31/1995,1995,152.2,0.197498354,3.186440678,,,,,,
6/30/1995,1995,152.5,0.197109067,3.040540541,,,,,,
7/31/1995,1995,152.5,0,2.762803235,,,,,,
8/31/1995,1995,152.9,0.262295082,2.617449664,,,,,,
9/30/1995,1995,153.2,0.196206671,2.543507363,,,,,,
10/31/1995,1995,153.7,0.326370757,2.809364548,,,,,,
11/30/1995,1995,153.6,-0.065061809,2.605210421,,,,,,
12/31/1995,1995,153.5,-0.065104167,2.538410154,,,,,,
1/31/1996,1996,154.4,0.586319218,2.727877578,,,,,,
2/29/1996,1996,154.9,0.323834197,2.650762094,,,,,,
3/31/1996,1996,155.7,0.516462234,2.84015852,,,,,,
4/30/1996,1996,156.3,0.385356455,2.896642528,,,,,,
5/31/1996,1996,156.6,0.19193858,2.890932983,,,,,,
6/30/1996,1996,156.7,0.06385696,2.754098361,,,,,,
7/31/1996,1996,157,0.191448628,2.950819672,,,,,,
8/31/1996,1996,157.3,0.191082803,2.877697842,,,,,,
9/30/1996,1996,157.8,0.317863954,3.002610966,,,,,,
10/31/1996,1996,158.3,0.316856781,2.992843201,,,,,,
11/30/1996,1996,158.6,0.189513582,3.255208333,,,,,,
12/31/1996,1996,158.6,0,3.32247557,,,,,,
1/31/1997,1997,159.1,0.315258512,3.044041451,,,,,,
2/28/1997,1997,159.6,0.314267756,3.034215623,,,,,,
3/31/1997,1997,160,0.250626566,2.761721259,,,,,,
4/30/1997,1997,160.2,0.125,2.495201536,,,,,,
5/31/1997,1997,160.1,-0.062421973,2.234993614,,,,,,
6/30/1997,1997,160.3,0.124921924,2.297383535,,,,,,
7/31/1997,1997,160.5,0.124766064,2.229299363,,,,,,
8/31/1997,1997,160.8,0.186915888,2.22504768,,,,,,
9/30/1997,1997,161.2,0.248756219,2.154626109,,,,,,
10/31/1997,1997,161.6,0.248138958,2.0846494,,,,,,
11/30/1997,1997,161.5,-0.061881188,1.828499369,,,,,,
12/31/1997,1997,161.3,-0.123839009,1.702395965,,,,,,
1/31/1998,1998,161.6,0.185988841,1.571338781,,,,,,
2/28/1998,1998,161.9,0.185643564,1.441102757,,,,,,
3/31/1998,1998,162.2,0.185299568,1.375,,,,,,
4/30/1998,1998,162.5,0.184956843,1.435705368,,,,,,
5/31/1998,1998,162.8,0.184615385,1.686445971,,,,,,
6/30/1998,1998,163,0.122850123,1.684341859,,,,,,
7/31/1998,1998,163.2,0.122699387,1.682242991,,,,,,
8/31/1998,1998,163.4,0.12254902,1.616915423,,,,,,
9/30/1998,1998,163.6,0.122399021,1.488833747,,,,,,
10/31/1998,1998,164,0.244498778,1.485148515,,,,,,
11/30/1998,1998,164,0,1.547987616,,,,,,
12/31/1998,1998,163.9,-0.06097561,1.611903286,,,,,,
1/31/1999,1999,164.3,0.244051251,1.670792079,,,,,,
2/28/1999,1999,164.5,0.121728545,1.605929586,,,,,,
3/31/1999,1999,165,0.303951368,1.726263872,,,,,,
4/30/1999,1999,166.2,0.727272727,2.276923077,,,,,,
5/31/1999,1999,166.2,0,2.088452088,,,,,,
6/30/1999,1999,166.2,0,1.963190184,,,,,,
7/31/1999,1999,166.7,0.300842359,2.144607843,,,,,,
8/31/1999,1999,167.1,0.23995201,2.264381885,,,,,,
9/30/1999,1999,167.9,0.478755236,2.628361858,,,,,,
10/31/1999,1999,168.2,0.178677784,2.56097561,,,,,,
11/30/1999,1999,168.3,0.059453032,2.62195122,,,,,,
12/31/1999,1999,168.3,0,2.684563758,,,,,,
1/31/2000,2000,168.8,0.297088532,2.73889227,,,,,,
2/29/2000,2000,169.8,0.592417062,3.221884498,,,,,,
3/31/2000,2000,171.2,0.824499411,3.757575758,,,,,,
4/30/2000,2000,171.3,0.058411215,3.068592058,,,,,,
5/31/2000,2000,171.5,0.116754232,3.188929001,,,,,,
6/30/2000,2000,172.4,0.524781341,3.730445247,,,,,,
7/31/2000,2000,172.8,0.232018561,3.659268146,,,,,,
8/31/2000,2000,172.8,0,3.411131059,,,,,,
9/30/2000,2000,173.7,0.520833333,3.454437165,,,,,,
10/31/2000,2000,174,0.172711572,3.448275862,,,,,,
11/30/2000,2000,174.1,0.057471264,3.446226976,,,,,,
12/31/2000,2000,174,-0.057438254,3.386809269,,,,,,
1/31/2001,2001,175.1,0.632183908,3.732227488,,,,,,
2/28/2001,2001,175.8,0.399771559,3.533568905,,,,,,
3/31/2001,2001,176.2,0.227531286,2.920560748,,,,,,
4/30/2001,2001,176.9,0.397275823,3.269118506,,,,,,
5/31/2001,2001,177.7,0.4522329,3.61516035,,,,,,
6/30/2001,2001,178,0.16882386,3.248259861,,,,,,
7/31/2001,2001,177.5,-0.280898876,2.719907407,,,,,,
8/31/2001,2001,177.5,0,2.719907407,,,,,,
9/30/2001,2001,178.3,0.450704225,2.648244099,,,,,,
10/31/2001,2001,177.7,-0.336511497,2.126436782,,,,,,
11/30/2001,2001,177.4,-0.16882386,1.895462378,,,,,,
12/31/2001,2001,176.7,-0.394588501,1.551724138,,,,,,
1/31/2002,2002,177.1,0.226372383,1.142204455,,,,,,
2/28/2002,2002,177.8,0.395256917,1.137656428,,,,,,
3/31/2002,2002,178.8,0.562429696,1.475595914,,,,,,
4/30/2002,2002,179.8,0.559284116,1.639344262,,,,,,
5/31/2002,2002,179.8,0,1.181767023,,,,,,
6/30/2002,2002,179.9,0.055617353,1.06741573,,,,,,
7/31/2002,2002,180.1,0.111172874,1.464788732,,,,,,
8/31/2002,2002,180.7,0.333148251,1.802816901,,,,,,
9/30/2002,2002,181,0.166021029,1.514301739,,,,,,
10/31/2002,2002,181.3,0.165745856,2.025886325,,,,,,
11/30/2002,2002,181.3,0,2.198421646,,,,,,
12/31/2002,2002,180.9,-0.220628792,2.376910017,,,,,,
1/31/2003,2003,181.7,0.442233278,2.597402597,,,,,,
2/28/2003,2003,183.1,0.770500826,2.98087739,,,,,,
3/31/2003,2003,184.2,0.60076461,3.020134228,,,,,,
4/30/2003,2003,183.8,-0.217155266,2.224694105,,,,,,
5/31/2003,2003,183.5,-0.163220892,2.057842047,,,,,,
6/30/2003,2003,183.7,0.108991826,2.112284603,,,,,,
7/31/2003,2003,183.9,0.108873163,2.109938923,,,,,,
8/31/2003,2003,184.6,0.380641653,2.158273381,,,,,,
9/30/2003,2003,185.2,0.325027086,2.320441989,,,,,,
10/31/2003,2003,185,-0.107991361,2.040816327,,,,,,
11/30/2003,2003,184.5,-0.27027027,1.765030336,,,,,,
12/31/2003,2003,184.3,-0.108401084,1.879491432,,,,,,
1/31/2004,2004,185.2,0.488334238,1.926252064,,,,,,
2/29/2004,2004,186.2,0.539956803,1.6930639,,,,,,
3/31/2004,2004,187.4,0.644468314,1.737242128,,,,,,
4/30/2004,2004,188,0.320170758,2.285092492,,,,,,
5/31/2004,2004,189.1,0.585106383,3.051771117,,,,,,
6/30/2004,2004,189.7,0.317292438,3.266194883,,,,,,
7/31/2004,2004,189.4,-0.158144439,2.990755846,,,,,,
8/31/2004,2004,189.5,0.05279831,2.654387866,,,,,,
9/30/2004,2004,189.9,0.211081794,2.537796976,,,,,,
10/31/2004,2004,190.9,0.526592944,3.189189189,,,,,,
11/30/2004,2004,191,0.052383447,3.52303523,,,,,,
12/31/2004,2004,190.3,-0.366492147,3.255561584,,,,,,
1/31/2005,2005,190.7,0.21019443,2.969762419,,,,,,
2/28/2005,2005,191.8,0.576822234,3.007518797,,,,,,
3/31/2005,2005,193.3,0.782064651,3.148345784,,,,,,
4/30/2005,2005,194.6,0.672529747,3.510638298,,,,,,
5/31/2005,2005,194.4,-0.102774923,2.802749868,,,,,,
6/30/2005,2005,194.5,0.051440329,2.530311017,,,,,,
7/31/2005,2005,195.4,0.462724936,3.167898627,,,,,,
8/31/2005,2005,196.4,0.511770727,3.64116095,,,,,,
9/30/2005,2005,198.8,1.221995927,4.686677199,,,,,,
10/31/2005,2005,199.2,0.201207243,4.347826087,,,,,,
11/30/2005,2005,197.6,-0.803212851,3.455497382,,,,,,
12/31/2005,2005,196.8,-0.4048583,3.415659485,,,,,,
1/31/2006,2006,198.3,0.762195122,3.985317252,,,,,,
2/28/2006,2006,198.7,0.201714574,3.597497393,,,,,,
3/31/2006,2006,199.8,0.55359839,3.362648733,,,,,,
4/30/2006,2006,201.5,0.850850851,3.545734841,,,,,,
5/31/2006,2006,202.5,0.496277916,4.166666667,,,,,,
6/30/2006,2006,202.9,0.197530864,4.318766067,,,,,,
7/31/2006,2006,203.5,0.295712173,4.145342886,,,,,,
8/31/2006,2006,203.9,0.196560197,3.818737271,,,,,,
9/30/2006,2006,202.9,-0.490436488,2.062374245,,,,,,
10/31/2006,2006,201.8,-0.542138985,1.305220884,,,,,,
11/30/2006,2006,201.5,-0.148662042,1.973684211,,,,,,
12/31/2006,2006,201.8,0.148883375,2.540650407,,,,,,
1/31/2007,2007,202.416,0.305252725,2.075642965,,,,,,
2/28/2007,2007,203.499,0.535036756,2.415198792,,,,,,
3/31/2007,2007,205.352,0.910569585,2.778778779,,,,,,
4/30/2007,2007,206.686,0.649616269,2.57369727,,,,,,
5/31/2007,2007,207.949,0.611071867,2.690864198,,,,,,
6/30/2007,2007,208.352,0.193797518,2.68703795,,,,,,
7/31/2007,2007,208.299,-0.025437721,2.358230958,,,,,,
8/31/2007,2007,207.917,-0.183390223,1.970083374,,,,,,
9/30/2007,2007,208.49,0.275590741,2.75505175,,,,,,
10/31/2007,2007,208.936,0.213919133,3.53617443,,,,,,
11/30/2007,2007,210.177,0.593961787,4.306203474,,,,,,
12/31/2007,2007,210.036,-0.067086313,4.081268583,,,,,,
1/31/2008,2008,211.08,0.497057647,4.280294048,,,,,,
2/29/2008,2008,211.693,0.290411218,4.026555413,,,,,,
3/31/2008,2008,213.528,0.866821293,3.981456231,,,,,,
4/30/2008,2008,214.823,0.606477839,3.936889775,,,,,,
5/31/2008,2008,216.632,0.842088603,4.175543042,,,,,,
6/30/2008,2008,218.815,1.007699693,5.021790048,,,,,,
7/31/2008,2008,219.964,0.525101113,5.6001229,,,,,,
8/31/2008,2008,219.086,-0.399156226,5.371855115,,,,,,
9/30/2008,2008,218.783,-0.138301854,4.936927431,,,,,,
10/31/2008,2008,216.573,-1.010133328,3.655186277,,,,,,
11/30/2008,2008,212.425,-1.915289533,1.069574692,,,,,,
12/31/2008,2008,210.228,-1.034247381,0.091412901,,,,,,
1/31/2009,2009,211.143,0.435241738,0.029846504,,,,,,
2/28/2009,2009,212.193,0.497293304,0.236191088,,,,,,
3/31/2009,2009,212.709,0.243174846,-0.383556255,,,,,,
4/30/2009,2009,213.24,0.249636828,-0.736885715,,,,,,
5/31/2009,2009,213.856,0.288876383,-1.281435799,,,,,,
6/30/2009,2009,215.693,0.858989226,-1.426776044,,,,,,
7/31/2009,2009,215.351,-0.158558692,-2.097161354,,,,,,
8/31/2009,2009,215.834,0.224285004,-1.484348612,,,,,,
9/30/2009,2009,215.969,0.062548069,-1.286205967,,,,,,
10/31/2009,2009,216.177,0.096310119,-0.182848277,,,,,,
11/30/2009,2009,216.33,0.070775337,1.838295869,,,,,,
12/31/2009,2009,215.949,-0.176119817,2.721331126,,,,,,
1/31/2010,2010,216.687,0.341747357,2.625708643,,,,,,
2/28/2010,2010,216.741,0.024920738,2.143331778,,,,,,
3/31/2010,2010,217.631,0.410628354,2.313959447,,,,,,
4/30/2010,2010,218.009,0.173688491,2.236447196,,,,,,
5/31/2010,2010,218.178,0.077519735,2.020986084,,,,,,
6/30/2010,2010,217.965,-0.097626708,1.053348973,,,,,,
7/31/2010,2010,218.011,0.021104306,1.235192778,,,,,,
8/31/2010,2010,218.312,0.138066428,1.148104562,,,,,,
9/30/2010,2010,218.439,0.058173623,1.143682658,,,,,,
10/31/2010,2010,218.711,0.124519889,1.172187606,,,,,,
11/30/2010,2010,218.803,0.042064642,1.143160912,,,,,,
12/31/2010,2010,219.179,0.171844079,1.495723527,,,,,,
1/31/2011,2011,220.223,0.476323005,1.631846857,,,,,,
2/28/2011,2011,221.309,0.493136503,2.107584629,,,,,,
3/31/2011,2011,223.467,0.975107203,2.681603264,,,,,,
4/30/2011,2011,224.906,0.643942954,3.163630859,,,,,,
5/31/2011,2011,225.964,0.470418753,3.568645785,,,,,,
6/30/2011,2011,225.722,-0.107096706,3.558828252,,,,,,
7/31/2011,2011,225.922,0.088604567,3.628715982,,,,,,
8/31/2011,2011,226.545,0.27575889,3.771208179,,,,,,
9/30/2011,2011,226.889,0.151846212,3.868356841,,,,,,
10/31/2011,2011,226.421,-0.206268263,3.525199921,,,,,,
11/30/2011,2011,226.23,-0.084356133,3.394377591,,,,,,
12/31/2011,2011,225.672,-0.246651638,2.962418845,,,,,,
1/31/2012,2012,226.665,0.440019143,2.925216712,,,,,,
2/29/2012,2012,227.663,0.440297355,2.87109878,,,,,,
3/31/2012,2012,229.392,0.759455862,2.651398193,,,,,,
4/30/2012,2012,230.085,0.30210295,2.302739811,,,,,,
5/31/2012,2012,229.815,-0.117347937,1.704253775,,,,,,
6/30/2012,2012,229.478,-0.146639688,1.663993762,,,,,,
7/31/2012,2012,229.104,-0.162978586,1.408450704,,,,,,
8/31/2012,2012,230.379,0.556515818,1.692378998,,,,,,
9/30/2012,2012,231.407,0.446221227,1.991282081,,,,,,
10/31/2012,2012,231.317,-0.038892514,2.162343599,,,,,,
11/30/2012,2012,230.221,-0.473808669,1.764133846,,,,,,
12/31/2012,2012,229.601,-0.269306449,1.741022369,,,,,,
1/31/2013,2013,230.28,0.295730419,1.594864668,,,,,,
2/28/2013,2013,232.166,0.819002953,1.97792351,,,,,,
3/31/2013,2013,232.773,0.261450858,1.473896213,,,,,,
4/30/2013,2013,232.531,-0.103963948,1.063085381,,,,,,
5/31/2013,2013,232.945,0.178040777,1.361965059,,,,,,
6/30/2013,2013,233.504,0.239970809,1.754416545,,,,,,
7/31/2013,2013,233.596,0.039399753,1.960681612,,,,,,
8/31/2013,2013,233.877,0.120293156,1.51836756,,,,,,
9/30/2013,2013,234.149,0.116300449,1.184925262,,,,,,
10/31/2013,2013,233.546,-0.257528326,0.963612705,,,,,,
11/30/2013,2013,233.069,-0.204242419,1.237072205,,,,,,
12/31/2013,2013,233.049,-0.00858115,1.50173562,,,,,,
1/31/2014,2014,233.916,0.372024767,1.578947368,,,,,,
2/28/2014,2014,234.781,0.369790865,1.12634925,,,,,,
3/31/2014,2014,236.293,0.644004413,1.512202876,,,,,,
4/30/2014,2014,237.072,0.329675445,1.952857899,,,,,,
5/31/2014,2014,237.9,0.349260984,2.12711155,,,,,,
6/30/2014,2014,238.343,0.186212694,2.072341373,,,,,,
7/31/2014,2014,238.25,-0.039019396,1.992328636,,,,,,
8/31/2014,2014,237.852,-0.167051417,1.699611334,,,,,,
9/30/2014,2014,238.031,0.075256882,1.657918676,,,,,,
10/31/2014,2014,237.433,-0.251227781,1.664340216,,,,,,
11/30/2014,2014,236.151,-0.539941794,1.322355182,,,,,,
12/31/2014,2014,234.812,-0.567010091,0.75649327,,,,,,
1/31/2015,2015,233.707,-0.470589237,-0.089348313,,,,,,
2/28/2015,2015,234.722,0.434304492,-0.025129802,,,,,,
3/31/2015,2015,236.119,0.595172161,-0.073637391,,,,,,
4/30/2015,2015,236.599,0.203287325,-0.199517446,,,,,,
5/31/2015,2015,237.805,0.509723203,-0.039932745,,,,,,
6/30/2015,2015,238.638,0.350287,0.123771204,,,,,,
7/31/2015,2015,238.654,0.006704716,0.16956978,,,,,,
8/31/2015,2015,238.316,-0.141627628,0.195079293,,,,,,
9/30/2015,2015,237.945,-0.155675658,-0.036129748,,,,,,
10/31/2015,2015,237.838,-0.044968375,0.170574436,,,,,,
11/30/2015,2015,237.336,-0.211068038,0.501797579,,,,,,
12/31/2015,2015,236.525,-0.341709644,0.729519786,,,,,,
1/31/2016,2016,236.916,0.165310221,1.373086814,,,,,,
2/29/2016,2016,237.111,0.082307653,1.01779978,,,,,,
3/31/2016,2016,238.132,0.430600014,0.852536221,,,,,,
4/30/2016,2016,239.261,0.474106798,1.125110419,,,,,,
5/31/2016,2016,240.229,0.4045791,1.019322554,,,,,,
6/30/2016,2016,241.018,0.328436617,0.997326495,,,,,,
7/31/2016,2016,240.628,-0.16181364,0.82713887,,,,,,
8/31/2016,2016,240.849,0.091843011,1.062874503,,,,,,
9/30/2016,2016,241.428,0.240399586,1.463783647,,,,,,
10/31/2016,2016,241.729,0.124674851,1.635987521,,,,,,
11/30/2016,2016,241.353,-0.155546087,1.692537163,,,,,,
12/31/2016,2016,241.432,0.032732139,2.074622133,,,,,,
1/31/2017,2017,242.839,0.582772789,2.500042209,,,,,,
2/28/2017,2017,243.603,0.314611739,2.737958171,,,,,,
3/31/2017,2017,243.801,0.081279787,2.380612433,,,,,,
4/30/2017,2017,244.524,0.296553337,2.199689878,,,,,,
5/31/2017,2017,244.733,0.085472183,1.874877721,,,,,,
6/30/2017,2017,244.955,0.090711101,1.633487955,,,,,,
7/31/2017,2017,244.786,-0.068992264,1.727978456,,,,,,
8/31/2017,2017,245.519,0.29944523,1.938974212,,,,,,
9/30/2017,2017,246.819,0.529490589,2.232963865,,,,,,
10/31/2017,2017,246.663,-0.06320421,2.041128702,,,,,,
11/30/2017,2017,246.669,0.002432469,2.202582939,,,,,,
12/31/2017,2017,246.524,-0.058783228,2.109082475,,,,,,
1/31/2018,2018,247.867,0.544774545,2.07050762,,,,,,
2/28/2018,2018,248.991,0.453468997,2.211795421,,,,,,
3/31/2018,2018,249.554,0.22611259,2.359711404,,,,,,
4/30/2018,2018,250.546,0.397509156,2.462743943,,,,,,
5/31/2018,2018,251.588,0.415891693,2.801011715,,,,,,
6/30/2018,2018,251.989,0.15938757,2.871547835,,,,,,
